epoch,time,train/giou_loss,train/cls_loss,train/l1_loss,metrics/precision(B),metrics/recall(B),metrics/mAP50(B),metrics/mAP50-95(B),val/giou_loss,val/cls_loss,val/l1_loss,lr/pg0,lr/pg1,lr/pg2
1,314.88,1.63842,3.59807,1.43818,0.00063,0.06169,0.00036,0.0001,1.55512,0.46988,1.72531,0.0701463,0.00331707,0.00331707
2,639.789,1.60445,0.39146,1.39467,0.00058,0.02771,0.00029,7e-05,1.6433,0.52097,1.85845,0.0401244,0.00662846,0.00662846
3,820.064,1.63374,0.38974,1.30332,0.00126,0.01175,0.00047,0.00011,1.66345,0.4635,1.8678,0.0100804,0.00991785,0.00991785
4,1033.87,1.54431,0.43837,1.1133,0.00374,0.01926,0.00142,0.00029,1.55392,0.5043,1.50194,0.009901,0.009901,0.009901
5,1261.1,1.50079,0.45336,1.02816,0.51008,0.02937,0.00528,0.00134,1.41492,0.59858,1.14736,0.009868,0.009868,0.009868
6,1464.19,1.4289,0.49828,0.94585,0.78939,0.05418,0.02561,0.00714,1.2546,0.68065,0.86207,0.009835,0.009835,0.009835
7,1642.47,1.31795,0.58664,0.82097,0.78497,0.0545,0.02825,0.0115,1.23501,0.71645,0.7601,0.009802,0.009802,0.009802
8,1870.81,1.25533,0.63346,0.72662,0.77573,0.06625,0.02066,0.00873,1.15034,0.79187,0.676,0.009769,0.009769,0.009769
9,2087.09,1.18744,0.69,0.6491,0.07314,0.0892,0.03335,0.01479,1.09433,0.81541,0.64582,0.009736,0.009736,0.009736
10,2317.13,1.14263,0.72129,0.59949,0.57954,0.09771,0.04345,0.01914,1.04069,0.85213,0.57777,0.009703,0.009703,0.009703
11,2506.64,1.10913,0.74429,0.56841,0.14191,0.10909,0.04996,0.02277,1.029,0.85912,0.56933,0.00967,0.00967,0.00967
12,2727.08,1.0721,0.76935,0.53354,0.19938,0.12527,0.05143,0.02406,1.06901,0.81708,0.59506,0.009637,0.009637,0.009637
13,2959.28,1.02489,0.79204,0.50108,0.22935,0.13164,0.07917,0.03767,0.94122,0.91109,0.49379,0.009604,0.009604,0.009604
14,3139.12,0.99792,0.80271,0.48404,0.18591,0.14996,0.09264,0.04635,0.946,0.88665,0.49815,0.009571,0.009571,0.009571
15,3341.89,0.98622,0.79362,0.46448,0.13838,0.15007,0.08371,0.04128,0.94463,0.91631,0.49667,0.009538,0.009538,0.009538
16,3577.96,0.96239,0.80706,0.44839,0.18328,0.16549,0.12003,0.06226,0.9181,0.89339,0.47376,0.009505,0.009505,0.009505
17,3775.51,0.91825,0.81625,0.43013,0.21738,0.19201,0.12138,0.06664,0.87231,0.91851,0.43689,0.009472,0.009472,0.009472
18,4001.1,0.92206,0.80803,0.42096,0.20833,0.19363,0.1318,0.06998,0.87365,0.92055,0.43892,0.009439,0.009439,0.009439
19,4188.89,0.91159,0.81237,0.40945,0.2296,0.20666,0.14762,0.08059,0.84535,0.92174,0.41236,0.009406,0.009406,0.009406
20,4473.02,0.87811,0.8236,0.39382,0.24111,0.21621,0.16291,0.08792,0.82903,0.91756,0.40359,0.009373,0.009373,0.009373
21,4665.01,0.86612,0.81578,0.38317,0.27129,0.22755,0.17481,0.09569,0.80679,0.9177,0.39425,0.00934,0.00934,0.00934
22,4884.9,0.85927,0.81594,0.37545,0.26936,0.25802,0.19686,0.11263,0.78737,0.9054,0.37502,0.009307,0.009307,0.009307
23,5072.89,0.84276,0.82104,0.37046,0.26641,0.2605,0.1921,0.10784,0.77402,0.92453,0.3921,0.009274,0.009274,0.009274
24,5272.9,0.83841,0.81034,0.35442,0.26211,0.27063,0.20222,0.11432,0.76443,0.90502,0.37858,0.009241,0.009241,0.009241
25,5490.23,0.82374,0.80477,0.3567,0.29464,0.29623,0.22552,0.12416,0.75694,0.889,0.36111,0.009208,0.009208,0.009208
26,5728.6,0.82165,0.79858,0.34944,0.28256,0.30165,0.22221,0.12502,0.74237,0.8997,0.37067,0.009175,0.009175,0.009175
27,5941.95,0.8048,0.79984,0.33679,0.30749,0.31088,0.23352,0.12936,0.74267,0.90223,0.36821,0.009142,0.009142,0.009142
28,6207.85,0.80683,0.79855,0.33489,0.31658,0.33743,0.2534,0.13862,0.72017,0.90652,0.3474,0.009109,0.009109,0.009109
29,6473.45,0.79897,0.78692,0.32851,0.31915,0.3147,0.25364,0.14324,0.71073,0.8908,0.34866,0.009076,0.009076,0.009076
30,6699.26,0.77315,0.801,0.32454,0.331,0.34611,0.26495,0.1484,0.70794,0.90323,0.33527,0.009043,0.009043,0.009043
31,6919,0.77238,0.79085,0.31926,0.32933,0.32572,0.27027,0.15313,0.70615,0.90497,0.34987,0.00901,0.00901,0.00901
32,7197.42,0.75493,0.79875,0.3199,0.33082,0.33427,0.2798,0.15888,0.70741,0.86858,0.35122,0.008977,0.008977,0.008977
33,7383.27,0.75468,0.78783,0.31619,0.34372,0.35997,0.2903,0.16592,0.68123,0.87367,0.33508,0.008944,0.008944,0.008944
34,7590.11,0.75548,0.78455,0.30509,0.3922,0.3676,0.30146,0.16966,0.67891,0.89161,0.33557,0.008911,0.008911,0.008911
35,7804.38,0.74641,0.77629,0.30557,0.36287,0.39507,0.31458,0.18199,0.66562,0.86209,0.32269,0.008878,0.008878,0.008878
36,8153.9,0.7328,0.77694,0.29813,0.39756,0.40431,0.35239,0.1981,0.6663,0.84504,0.33029,0.008845,0.008845,0.008845
37,8326.62,0.73051,0.77036,0.29549,0.3921,0.4096,0.35082,0.20434,0.6453,0.853,0.31236,0.008812,0.008812,0.008812
38,8535.22,0.72606,0.77061,0.29274,0.40608,0.4139,0.35277,0.20099,0.64414,0.84179,0.30932,0.008779,0.008779,0.008779
39,8703.89,0.73476,0.76093,0.29318,0.39667,0.41199,0.34993,0.19773,0.64757,0.85868,0.31361,0.008746,0.008746,0.008746
40,8922.6,0.7063,0.77992,0.28386,0.41728,0.40716,0.36399,0.20915,0.63237,0.85203,0.32098,0.008713,0.008713,0.008713
41,9161.05,0.72193,0.75533,0.29036,0.39472,0.43271,0.36481,0.20009,0.64978,0.83159,0.31457,0.00868,0.00868,0.00868
42,9543.84,0.69855,0.76919,0.28596,0.38909,0.42771,0.35605,0.20332,0.62894,0.8599,0.30447,0.008647,0.008647,0.008647
43,9714.5,0.70915,0.75954,0.28491,0.42448,0.44858,0.39234,0.22251,0.62743,0.83221,0.30439,0.008614,0.008614,0.008614
44,9924.49,0.68805,0.75409,0.27467,0.45756,0.45014,0.40982,0.24087,0.59839,0.84022,0.28531,0.008581,0.008581,0.008581
45,10158.7,0.68973,0.7535,0.2775,0.45515,0.48543,0.42485,0.2481,0.59156,0.8178,0.28223,0.008548,0.008548,0.008548
46,10365.2,0.68954,0.74446,0.27487,0.46302,0.46484,0.43658,0.24822,0.60144,0.82376,0.29031,0.008515,0.008515,0.008515
47,10574,0.67238,0.75293,0.26761,0.48973,0.471,0.44136,0.25155,0.59952,0.81285,0.2904,0.008482,0.008482,0.008482
48,10815.5,0.67159,0.74549,0.26818,0.50006,0.49293,0.4662,0.26888,0.58234,0.79423,0.28715,0.008449,0.008449,0.008449
49,11062.9,0.67694,0.7379,0.26354,0.50178,0.49566,0.48483,0.27544,0.58342,0.78775,0.28243,0.008416,0.008416,0.008416
50,11341.6,0.67281,0.73585,0.26601,0.51249,0.50851,0.4876,0.27764,0.57806,0.7764,0.28656,0.008383,0.008383,0.008383
51,11551.2,0.64796,0.74267,0.2632,0.49715,0.50752,0.47519,0.27617,0.57399,0.78727,0.27947,0.00835,0.00835,0.00835
52,11773.3,0.64659,0.73466,0.25564,0.51071,0.50606,0.49764,0.29045,0.56453,0.78678,0.2712,0.008317,0.008317,0.008317
53,11964.9,0.64655,0.72089,0.25625,0.52953,0.54928,0.52591,0.30722,0.57355,0.74303,0.27758,0.008284,0.008284,0.008284
54,12181.6,0.64586,0.72748,0.25389,0.54842,0.53441,0.53612,0.31192,0.56703,0.73668,0.27178,0.008251,0.008251,0.008251
55,12390.9,0.64683,0.71608,0.25397,0.56314,0.54728,0.53638,0.31126,0.56621,0.74162,0.27526,0.008218,0.008218,0.008218
56,12647.8,0.63708,0.72489,0.25466,0.58352,0.54139,0.56263,0.3305,0.55034,0.74194,0.26547,0.008185,0.008185,0.008185
57,12869.4,0.63824,0.70406,0.25097,0.6151,0.54337,0.56349,0.32612,0.5571,0.73532,0.27743,0.008152,0.008152,0.008152
58,13131.9,0.6398,0.71259,0.2543,0.59945,0.56674,0.56899,0.33212,0.54532,0.72087,0.26767,0.008119,0.008119,0.008119
59,13361.8,0.62838,0.69915,0.2449,0.62266,0.5654,0.58288,0.33661,0.55049,0.72262,0.26943,0.008086,0.008086,0.008086
60,13581.6,0.63097,0.7005,0.24174,0.59767,0.59294,0.59515,0.35358,0.533,0.72576,0.26278,0.008053,0.008053,0.008053
61,13826.5,0.63452,0.69234,0.24466,0.61182,0.57767,0.58969,0.34903,0.5469,0.69678,0.26751,0.00802,0.00802,0.00802
62,14019.7,0.62558,0.6983,0.24879,0.62369,0.59127,0.60384,0.3636,0.52565,0.69278,0.25734,0.007987,0.007987,0.007987
63,14203.5,0.63077,0.68419,0.24309,0.61156,0.56865,0.60388,0.35752,0.53414,0.69883,0.26628,0.007954,0.007954,0.007954
64,14441.4,0.61976,0.68876,0.25013,0.64191,0.60553,0.61815,0.36334,0.52386,0.69517,0.2592,0.007921,0.007921,0.007921
65,14663.2,0.62205,0.68723,0.24099,0.62607,0.60295,0.62691,0.37105,0.53364,0.67858,0.26515,0.007888,0.007888,0.007888
66,14859.6,0.61047,0.6785,0.23945,0.64247,0.62537,0.63665,0.37901,0.52089,0.66983,0.26338,0.007855,0.007855,0.007855
67,15019.8,0.61926,0.68116,0.23879,0.6714,0.62699,0.65525,0.38887,0.51696,0.6554,0.25745,0.007822,0.007822,0.007822
68,15203.2,0.61326,0.67698,0.23453,0.64656,0.6183,0.65121,0.38268,0.52561,0.65431,0.26561,0.007789,0.007789,0.007789
69,15408.8,0.61605,0.66873,0.23915,0.67518,0.62557,0.65864,0.39382,0.5171,0.64322,0.24692,0.007756,0.007756,0.007756
70,15624.3,0.59893,0.66264,0.23186,0.67015,0.62992,0.66612,0.39777,0.51417,0.65656,0.25754,0.007723,0.007723,0.007723
71,15824.1,0.58943,0.67876,0.23693,0.67865,0.63002,0.66821,0.39748,0.50809,0.66841,0.25045,0.00769,0.00769,0.00769
72,16015.5,0.60305,0.66221,0.23229,0.66455,0.6476,0.67755,0.40953,0.50156,0.64109,0.25443,0.007657,0.007657,0.007657
73,16240.4,0.58923,0.6648,0.23366,0.70725,0.63638,0.69305,0.41839,0.50554,0.62715,0.25277,0.007624,0.007624,0.007624
74,16453.5,0.59435,0.65529,0.23505,0.72672,0.63627,0.7001,0.42252,0.50108,0.62346,0.25011,0.007591,0.007591,0.007591
75,16659.2,0.59133,0.65927,0.23382,0.69213,0.66345,0.70708,0.43302,0.48964,0.62978,0.24903,0.007558,0.007558,0.007558
76,16947.6,0.59033,0.64372,0.22783,0.71362,0.6555,0.7047,0.43345,0.49354,0.6251,0.24556,0.007525,0.007525,0.007525
77,17205.3,0.58804,0.63933,0.22808,0.71962,0.67849,0.72331,0.44419,0.48854,0.61106,0.2458,0.007492,0.007492,0.007492
78,17440.8,0.58474,0.63885,0.22527,0.75645,0.67129,0.73374,0.44755,0.48396,0.60514,0.24409,0.007459,0.007459,0.007459
79,17651.2,0.59142,0.63289,0.22596,0.74329,0.68309,0.73806,0.45087,0.48013,0.60303,0.25423,0.007426,0.007426,0.007426
80,17870.5,0.56698,0.64172,0.23246,0.74825,0.67484,0.73766,0.44946,0.48893,0.59194,0.24538,0.007393,0.007393,0.007393
81,18147,0.57796,0.63085,0.22638,0.7644,0.6791,0.74519,0.45612,0.48075,0.5944,0.23736,0.00736,0.00736,0.00736
82,18387.1,0.57276,0.63337,0.22966,0.78325,0.68102,0.75686,0.46634,0.47497,0.57653,0.23661,0.007327,0.007327,0.007327
83,18566.1,0.57942,0.619,0.2223,0.76642,0.69424,0.7535,0.46392,0.47188,0.59085,0.23802,0.007294,0.007294,0.007294
84,18808,0.57941,0.62561,0.22158,0.77979,0.69774,0.76028,0.46752,0.47218,0.58509,0.23865,0.007261,0.007261,0.007261
85,19073.5,0.56484,0.63146,0.2216,0.76831,0.70811,0.76001,0.47474,0.46328,0.58893,0.23238,0.007228,0.007228,0.007228
86,19279.1,0.56218,0.62001,0.21579,0.79966,0.71366,0.76797,0.46958,0.47041,0.57214,0.23741,0.007195,0.007195,0.007195
87,19483.5,0.57479,0.60679,0.21435,0.77581,0.71815,0.77034,0.4836,0.459,0.57201,0.23221,0.007162,0.007162,0.007162
88,19822.6,0.57767,0.61029,0.22105,0.78749,0.70738,0.77232,0.47555,0.45986,0.58551,0.23271,0.007129,0.007129,0.007129
89,20015.6,0.5618,0.61143,0.2179,0.79667,0.72547,0.78297,0.4856,0.4565,0.55934,0.22901,0.007096,0.007096,0.007096
90,20224,0.55808,0.60903,0.21854,0.79205,0.71652,0.78069,0.49074,0.45883,0.56079,0.23519,0.007063,0.007063,0.007063
91,20407.6,0.5615,0.61445,0.21814,0.79671,0.71869,0.78484,0.49062,0.45935,0.54969,0.22835,0.00703,0.00703,0.00703
92,20610.7,0.56276,0.59853,0.21368,0.80499,0.72263,0.78796,0.49637,0.44966,0.56467,0.22403,0.006997,0.006997,0.006997
93,20848.3,0.54543,0.60042,0.21456,0.80055,0.72187,0.79548,0.50165,0.44725,0.55764,0.22543,0.006964,0.006964,0.006964
94,21046.7,0.5467,0.60902,0.21563,0.8096,0.73511,0.8006,0.50109,0.44897,0.5547,0.22593,0.006931,0.006931,0.006931
95,21229.5,0.55606,0.60162,0.21357,0.83384,0.71792,0.79908,0.50538,0.4433,0.55093,0.22264,0.006898,0.006898,0.006898
96,21487.9,0.55331,0.60096,0.21483,0.80295,0.73946,0.80456,0.50611,0.44526,0.54371,0.21793,0.006865,0.006865,0.006865
97,21770.5,0.5429,0.59138,0.2092,0.80852,0.74976,0.8103,0.51316,0.43873,0.54869,0.22199,0.006832,0.006832,0.006832
98,22031.3,0.54847,0.59415,0.2103,0.83027,0.74029,0.81914,0.51953,0.43732,0.54345,0.21962,0.006799,0.006799,0.006799
99,22320.2,0.54076,0.59568,0.21086,0.82459,0.74349,0.81597,0.51932,0.43414,0.53977,0.21631,0.006766,0.006766,0.006766
100,22564.9,0.554,0.59123,0.21383,0.83555,0.74884,0.82041,0.52042,0.43943,0.52605,0.22646,0.006733,0.006733,0.006733
101,22769.2,0.53883,0.59173,0.20793,0.82792,0.76307,0.82987,0.52795,0.42707,0.5386,0.21482,0.0067,0.0067,0.0067
102,23006,0.54411,0.58422,0.20651,0.84303,0.75236,0.83109,0.53393,0.42543,0.53163,0.21532,0.006667,0.006667,0.006667
103,23244.8,0.53331,0.58408,0.20774,0.82291,0.77177,0.83214,0.53298,0.43458,0.52249,0.224,0.006634,0.006634,0.006634
104,23668.5,0.53757,0.5793,0.20524,0.85105,0.75716,0.82965,0.53426,0.42694,0.52119,0.2108,0.006601,0.006601,0.006601
105,23905.3,0.53736,0.58144,0.212,0.84644,0.75748,0.83018,0.53697,0.41992,0.52758,0.20986,0.006568,0.006568,0.006568
106,24137.3,0.54231,0.58043,0.20421,0.86214,0.7611,0.83519,0.53697,0.42535,0.51724,0.21186,0.006535,0.006535,0.006535
107,24356.2,0.52796,0.58131,0.20785,0.85949,0.76902,0.83871,0.54799,0.4177,0.51178,0.20993,0.006502,0.006502,0.006502
108,24605,0.53956,0.57248,0.21129,0.85908,0.75902,0.83426,0.54028,0.42513,0.50695,0.2155,0.006469,0.006469,0.006469
109,24853.4,0.53682,0.59472,0.20704,0.85477,0.76832,0.83779,0.53966,0.42668,0.50733,0.21443,0.006436,0.006436,0.006436
110,25134.7,0.53115,0.57984,0.21028,0.86035,0.76306,0.83795,0.54521,0.41958,0.50809,0.21074,0.006403,0.006403,0.006403
111,25351.9,0.54668,0.5707,0.20553,0.8432,0.77469,0.83725,0.5413,0.42847,0.50578,0.2114,0.00637,0.00637,0.00637
112,25639,0.52394,0.57357,0.2082,0.85474,0.78133,0.84115,0.55368,0.41422,0.50288,0.20435,0.006337,0.006337,0.006337
113,25925.9,0.53803,0.5676,0.20354,0.84231,0.77466,0.84009,0.55238,0.41719,0.49595,0.20752,0.006304,0.006304,0.006304
114,26162,0.54425,0.57143,0.20451,0.8391,0.7791,0.84085,0.5491,0.4151,0.50317,0.20875,0.006271,0.006271,0.006271
115,26376.3,0.54049,0.57877,0.20854,0.82916,0.79882,0.84417,0.55136,0.41721,0.49496,0.21151,0.006238,0.006238,0.006238
116,26631.2,0.54453,0.58005,0.20709,0.84069,0.77475,0.84015,0.5466,0.42026,0.508,0.20774,0.006205,0.006205,0.006205
117,26847.7,0.57065,0.57571,0.22097,0.84169,0.77727,0.83481,0.53787,0.43547,0.49539,0.21607,0.006172,0.006172,0.006172
118,27133,0.55822,0.57697,0.21254,0.8567,0.77129,0.8435,0.54286,0.42227,0.50235,0.21174,0.006139,0.006139,0.006139
119,27356.4,0.52577,0.56977,0.20632,0.86257,0.78878,0.85275,0.5454,0.42537,0.4908,0.2118,0.006106,0.006106,0.006106
120,27611.4,0.52876,0.56221,0.20409,0.88409,0.78567,0.86596,0.56066,0.41214,0.47909,0.21149,0.006073,0.006073,0.006073
121,27839.2,0.5373,0.55683,0.20277,0.86188,0.79104,0.85984,0.56041,0.41508,0.48267,0.20339,0.00604,0.00604,0.00604
122,28116.6,0.57021,0.56831,0.21788,0.877,0.77654,0.85369,0.55371,0.41594,0.48928,0.2044,0.006007,0.006007,0.006007
123,28302.3,0.57444,0.58016,0.23537,0.87403,0.78768,0.86018,0.55915,0.41364,0.48111,0.20358,0.005974,0.005974,0.005974
124,28550.3,0.57831,0.57258,0.23106,0.85415,0.77316,0.83686,0.52151,0.46144,0.47998,0.21106,0.005941,0.005941,0.005941
125,28819.3,0.60207,0.56948,0.22646,0.85809,0.76687,0.83731,0.53704,0.43628,0.49289,0.21575,0.005908,0.005908,0.005908
126,29055.9,0.60547,0.56357,0.22826,0.84477,0.76981,0.83309,0.52992,0.45002,0.48873,0.2098,0.005875,0.005875,0.005875
127,29284.5,0.5705,0.56369,0.22043,0.87647,0.78587,0.85495,0.54752,0.4231,0.48698,0.20892,0.005842,0.005842,0.005842
128,29541.4,0.518,0.55242,0.20235,0.88443,0.77344,0.85969,0.56773,0.40604,0.48611,0.20186,0.005809,0.005809,0.005809
129,29814.8,0.50918,0.5486,0.20012,0.90229,0.78298,0.86368,0.57627,0.39806,0.48091,0.19461,0.005776,0.005776,0.005776
130,30028.1,0.50334,0.55587,0.19912,0.90094,0.79666,0.87436,0.58848,0.39169,0.46903,0.19598,0.005743,0.005743,0.005743
131,30195.3,0.51468,0.54602,0.19428,0.89705,0.79248,0.87452,0.58343,0.39504,0.47125,0.19622,0.00571,0.00571,0.00571
132,30397.9,0.55962,0.55151,0.20631,0.86134,0.796,0.86877,0.57211,0.4027,0.48575,0.19933,0.005677,0.005677,0.005677
133,30591.6,0.56822,0.56191,0.21514,0.86703,0.79925,0.86716,0.57869,0.39889,0.48553,0.19828,0.005644,0.005644,0.005644
134,30808,0.52305,0.54806,0.19533,0.89522,0.801,0.87488,0.58959,0.38193,0.48318,0.19502,0.005611,0.005611,0.005611
135,31028.1,0.49932,0.54832,0.19708,0.89702,0.80616,0.88102,0.58961,0.38685,0.4718,0.1946,0.005578,0.005578,0.005578
136,31282.8,0.52987,0.54749,0.19931,0.86488,0.81621,0.88016,0.58165,0.39896,0.46737,0.19946,0.005545,0.005545,0.005545
137,31536.1,0.59379,0.56289,0.21856,0.86124,0.81015,0.87823,0.57713,0.40541,0.4685,0.19775,0.005512,0.005512,0.005512
138,31757,0.51781,0.54556,0.20295,0.88408,0.8055,0.87782,0.58939,0.3918,0.4644,0.20086,0.005479,0.005479,0.005479
139,31917.7,0.49036,0.54321,0.19089,0.89163,0.82072,0.88725,0.60183,0.3848,0.46226,0.19553,0.005446,0.005446,0.005446
140,32139.4,0.48516,0.5294,0.1842,0.89769,0.81814,0.88706,0.60654,0.3806,0.45464,0.19363,0.005413,0.005413,0.005413
141,32346.9,0.48191,0.5378,0.18349,0.8899,0.82533,0.89287,0.61229,0.37851,0.45566,0.1931,0.00538,0.00538,0.00538
142,32678.8,0.48649,0.53174,0.18666,0.89245,0.83212,0.8925,0.61359,0.37206,0.45312,0.19012,0.005347,0.005347,0.005347
143,32884.7,0.49146,0.53266,0.1914,0.89919,0.83649,0.89664,0.61078,0.37405,0.44871,0.1912,0.005314,0.005314,0.005314
144,33098,0.47367,0.53323,0.18056,0.90166,0.82844,0.89689,0.61638,0.37076,0.44429,0.18711,0.005281,0.005281,0.005281
145,33346.6,0.48302,0.53591,0.18725,0.88907,0.83682,0.89563,0.60595,0.38081,0.44528,0.1837,0.005248,0.005248,0.005248
146,33574.7,0.5331,0.53528,0.20541,0.89066,0.83543,0.89554,0.60381,0.38328,0.44058,0.18321,0.005215,0.005215,0.005215
147,33737.1,0.57117,0.53442,0.20707,0.87719,0.83541,0.89333,0.60552,0.38126,0.45085,0.19038,0.005182,0.005182,0.005182
148,33950.1,0.53727,0.54001,0.20234,0.89525,0.82159,0.88978,0.60099,0.38521,0.4519,0.19111,0.005149,0.005149,0.005149
149,34201.8,0.56453,0.53068,0.20985,0.8854,0.82029,0.89163,0.60354,0.38097,0.45355,0.18817,0.005116,0.005116,0.005116
150,34427.2,0.52603,0.5339,0.20371,0.88449,0.82865,0.88981,0.60471,0.38483,0.44305,0.19368,0.005083,0.005083,0.005083
151,34614.8,0.5018,0.53308,0.19746,0.89781,0.81921,0.89387,0.60912,0.37968,0.44939,0.18956,0.00505,0.00505,0.00505
152,34790.1,0.49542,0.53818,0.19427,0.90102,0.82598,0.89831,0.6189,0.3707,0.44609,0.18281,0.005017,0.005017,0.005017
153,34977.1,0.58807,0.53231,0.21254,0.89317,0.81181,0.88996,0.60141,0.38437,0.45571,0.18924,0.004984,0.004984,0.004984
154,35164.9,0.49428,0.54015,0.18958,0.88902,0.81574,0.88866,0.61356,0.37601,0.45676,0.19154,0.004951,0.004951,0.004951
155,35322.9,0.47308,0.52151,0.17938,0.88986,0.83977,0.89926,0.62654,0.36296,0.44295,0.185,0.004918,0.004918,0.004918
156,35531.1,0.46924,0.51692,0.17788,0.91075,0.84129,0.90598,0.63161,0.36011,0.43526,0.18339,0.004885,0.004885,0.004885
157,35703.5,0.46039,0.51541,0.18231,0.90708,0.84361,0.90865,0.63279,0.3581,0.43018,0.18229,0.004852,0.004852,0.004852
158,35892.1,0.45548,0.52186,0.17466,0.91919,0.84504,0.9113,0.63287,0.35779,0.43025,0.18148,0.004819,0.004819,0.004819
159,36075.7,0.47065,0.51921,0.18002,0.90988,0.85691,0.91443,0.63852,0.35288,0.42952,0.17823,0.004786,0.004786,0.004786
160,36293.3,0.49892,0.51138,0.18438,0.90997,0.85821,0.9169,0.63782,0.36044,0.41903,0.1809,0.004753,0.004753,0.004753
161,36504.9,0.5548,0.53696,0.2003,0.90879,0.84498,0.90848,0.61992,0.37438,0.42617,0.18236,0.00472,0.00472,0.00472
162,36745.5,0.55506,0.52187,0.19604,0.88765,0.8467,0.89906,0.61142,0.38764,0.4277,0.18385,0.004687,0.004687,0.004687
163,37003.9,0.5769,0.5222,0.21007,0.90623,0.84323,0.90664,0.62062,0.37587,0.43895,0.18811,0.004654,0.004654,0.004654
164,37270.8,0.72779,0.50446,0.23606,0.88001,0.84451,0.90339,0.61598,0.37853,0.43433,0.19017,0.004621,0.004621,0.004621
165,37471.7,0.49296,0.52026,0.18744,0.91008,0.8297,0.90851,0.62816,0.36602,0.42869,0.18501,0.004588,0.004588,0.004588
166,37706.2,0.45403,0.50704,0.17568,0.90367,0.84191,0.91171,0.63897,0.35568,0.42687,0.18028,0.004555,0.004555,0.004555
167,37907.4,0.47284,0.51404,0.18238,0.91664,0.84453,0.91498,0.64337,0.35093,0.42249,0.17417,0.004522,0.004522,0.004522
168,38134.6,0.58222,0.5099,0.20377,0.90575,0.86153,0.91236,0.63221,0.36296,0.42283,0.17534,0.004489,0.004489,0.004489
169,38367.5,0.51321,0.51977,0.18501,0.90234,0.85819,0.9125,0.63067,0.3669,0.41888,0.17907,0.004456,0.004456,0.004456
170,38599.5,0.45515,0.50276,0.16845,0.91945,0.85193,0.91926,0.64611,0.35172,0.41715,0.17521,0.004423,0.004423,0.004423
171,38806.5,0.44895,0.50457,0.17236,0.92906,0.85534,0.92312,0.65111,0.34627,0.41747,0.1728,0.00439,0.00439,0.00439
172,38986,0.45966,0.50518,0.17546,0.91829,0.86921,0.92572,0.65731,0.34295,0.41246,0.1706,0.004357,0.004357,0.004357
173,39174.9,0.4467,0.50314,0.17176,0.92714,0.85193,0.92416,0.65718,0.34128,0.41187,0.16969,0.004324,0.004324,0.004324
174,39355.5,0.49513,0.50172,0.18592,0.91385,0.85854,0.92262,0.65456,0.33936,0.41092,0.16839,0.004291,0.004291,0.004291
175,39560.3,0.71325,0.51015,0.24222,0.91982,0.85808,0.91548,0.62135,0.37353,0.41819,0.17272,0.004258,0.004258,0.004258
176,39779.1,0.52131,0.5135,0.18654,0.90591,0.83785,0.90163,0.57663,0.424,0.42354,0.18161,0.004225,0.004225,0.004225
177,39971.6,0.44695,0.49989,0.17517,0.92225,0.84598,0.91429,0.61217,0.38593,0.41866,0.17563,0.004192,0.004192,0.004192
178,40195.5,0.44008,0.50239,0.17142,0.90955,0.86006,0.92014,0.6496,0.3491,0.41199,0.17091,0.004159,0.004159,0.004159
179,40388.5,0.45104,0.49691,0.17007,0.91357,0.8654,0.92315,0.66148,0.33746,0.40843,0.16659,0.004126,0.004126,0.004126
180,40600.9,0.43698,0.49616,0.16757,0.92297,0.86543,0.92688,0.66165,0.33555,0.40446,0.1663,0.004093,0.004093,0.004093
181,40815.6,0.43465,0.49069,0.16166,0.91715,0.8652,0.9255,0.66382,0.334,0.40627,0.16782,0.00406,0.00406,0.00406
182,40978,0.43049,0.49895,0.16733,0.9105,0.87801,0.92589,0.66572,0.33239,0.40697,0.16502,0.004027,0.004027,0.004027
183,41180.7,0.43422,0.49343,0.16434,0.92782,0.86586,0.92775,0.66859,0.33037,0.40268,0.16573,0.003994,0.003994,0.003994
184,41409.8,0.43199,0.48902,0.16297,0.93735,0.86436,0.92669,0.67169,0.3265,0.40404,0.16409,0.003961,0.003961,0.003961
185,41619.6,0.41541,0.49184,0.1625,0.93612,0.8659,0.92761,0.67382,0.32553,0.40027,0.1656,0.003928,0.003928,0.003928
186,41888,0.4189,0.49424,0.1687,0.92114,0.87513,0.92496,0.67585,0.32091,0.40066,0.16395,0.003895,0.003895,0.003895
187,42080.9,0.42763,0.48691,0.16002,0.92209,0.87245,0.92612,0.67706,0.31903,0.406,0.16056,0.003862,0.003862,0.003862
188,42263.8,0.42191,0.48584,0.16342,0.92097,0.87999,0.92724,0.6769,0.32081,0.40434,0.16217,0.003829,0.003829,0.003829
189,42487.6,0.4166,0.48799,0.16392,0.91428,0.87509,0.92593,0.67785,0.32212,0.40214,0.16315,0.003796,0.003796,0.003796
190,42690.6,0.41638,0.48008,0.16175,0.91629,0.87759,0.92671,0.67728,0.32029,0.40145,0.16228,0.003763,0.003763,0.003763
191,42863.7,0.41603,0.48201,0.16007,0.92022,0.88238,0.92808,0.68107,0.31884,0.39977,0.15988,0.00373,0.00373,0.00373
192,43067.1,0.41559,0.48565,0.16491,0.92289,0.88067,0.93119,0.68229,0.31863,0.39957,0.15952,0.003697,0.003697,0.003697
193,43279.3,0.43812,0.48729,0.16583,0.93035,0.87228,0.93101,0.68288,0.32067,0.39597,0.16129,0.003664,0.003664,0.003664
194,43503.8,0.52912,0.49437,0.18657,0.93048,0.87169,0.93279,0.66049,0.34249,0.39934,0.16271,0.003631,0.003631,0.003631
195,43903.8,0.4751,0.49569,0.17498,0.92391,0.8721,0.92943,0.66384,0.33903,0.3981,0.16367,0.003598,0.003598,0.003598
196,44131.4,0.44425,0.48968,0.16782,0.92785,0.86835,0.9301,0.66283,0.33992,0.39953,0.16248,0.003565,0.003565,0.003565
197,44317.3,0.48445,0.48302,0.16781,0.92856,0.87483,0.92936,0.66672,0.33483,0.39721,0.16193,0.003532,0.003532,0.003532
198,44529.8,0.53629,0.48923,0.17888,0.92541,0.86809,0.92831,0.65906,0.34243,0.4038,0.16283,0.003499,0.003499,0.003499
199,44673.1,0.53341,0.50956,0.19809,0.93705,0.8613,0.93323,0.6677,0.33775,0.39507,0.16301,0.003466,0.003466,0.003466
200,44873,0.4538,0.49126,0.17113,0.93855,0.86611,0.93498,0.6794,0.32617,0.39368,0.16132,0.003433,0.003433,0.003433
201,45106.9,0.44871,0.49016,0.17008,0.93323,0.87957,0.93752,0.68268,0.32119,0.39062,0.15828,0.0034,0.0034,0.0034
202,45301,0.62441,0.47697,0.19733,0.92927,0.87868,0.9327,0.66382,0.34044,0.39378,0.16128,0.003367,0.003367,0.003367
203,45474.7,0.63472,0.50696,0.21594,0.91512,0.86885,0.9238,0.64941,0.35456,0.40071,0.16275,0.003334,0.003334,0.003334
204,45703.8,0.47271,0.51019,0.17537,0.92814,0.86141,0.92631,0.66335,0.33543,0.39951,0.16249,0.003301,0.003301,0.003301
205,45899.6,0.43196,0.4928,0.16435,0.92554,0.86501,0.92781,0.67108,0.32859,0.40356,0.16184,0.003268,0.003268,0.003268
206,46101.7,0.42949,0.47676,0.16235,0.9242,0.87268,0.93232,0.67639,0.32537,0.39648,0.16231,0.003235,0.003235,0.003235
207,46296.5,0.40673,0.48195,0.16091,0.93148,0.87515,0.93604,0.68329,0.31963,0.39363,0.15965,0.003202,0.003202,0.003202
208,46525.2,0.41454,0.48228,0.15819,0.9337,0.86769,0.93649,0.68786,0.31602,0.3925,0.15861,0.003169,0.003169,0.003169
209,46718.6,0.42328,0.47955,0.15915,0.93463,0.87158,0.93821,0.68859,0.31832,0.38805,0.15835,0.003136,0.003136,0.003136
210,46915.8,0.49406,0.48646,0.17259,0.94147,0.87268,0.93886,0.68749,0.31932,0.38584,0.16039,0.003103,0.003103,0.003103
211,47147.3,0.61905,0.493,0.20468,0.92906,0.87923,0.93764,0.68815,0.32077,0.38416,0.16032,0.00307,0.00307,0.00307
212,47308.4,0.53976,0.49813,0.18463,0.94026,0.87792,0.94002,0.68675,0.32278,0.38419,0.15868,0.003037,0.003037,0.003037
213,47469.5,0.60543,0.50636,0.21945,0.93796,0.87691,0.9391,0.68495,0.32249,0.38977,0.15882,0.003004,0.003004,0.003004
214,47694.1,0.47263,0.49875,0.17834,0.93709,0.87669,0.93779,0.68495,0.32244,0.38799,0.15949,0.002971,0.002971,0.002971
215,47900.8,0.49048,0.48772,0.17633,0.93481,0.88364,0.93997,0.68773,0.31908,0.38751,0.15858,0.002938,0.002938,0.002938
216,48101.8,0.51327,0.50486,0.18701,0.93477,0.88542,0.94107,0.6895,0.31742,0.38125,0.15894,0.002905,0.002905,0.002905
217,48325.1,0.43153,0.48135,0.15856,0.94375,0.88127,0.94067,0.684,0.32014,0.38205,0.15816,0.002872,0.002872,0.002872
218,48707.2,0.41034,0.47063,0.1553,0.94741,0.88279,0.94134,0.68392,0.32253,0.38231,0.15784,0.002839,0.002839,0.002839
219,48923.6,0.42815,0.47825,0.15697,0.95047,0.87971,0.94098,0.68407,0.32108,0.38319,0.15672,0.002806,0.002806,0.002806
220,49134.5,0.67736,0.47635,0.20692,0.94515,0.87978,0.94081,0.68104,0.32545,0.38503,0.15761,0.002773,0.002773,0.002773
221,49323.3,0.59686,0.50724,0.20349,0.93406,0.87055,0.93242,0.65521,0.35277,0.39097,0.16158,0.00274,0.00274,0.00274
222,49521.3,0.44303,0.49256,0.16769,0.9394,0.87829,0.94093,0.67822,0.32928,0.38933,0.16042,0.002707,0.002707,0.002707
223,49716.5,0.46478,0.48169,0.16551,0.93645,0.87634,0.94285,0.68449,0.32356,0.38847,0.16053,0.002674,0.002674,0.002674
224,49896.9,0.58414,0.48696,0.20179,0.93484,0.88088,0.94173,0.68187,0.32457,0.38626,0.15886,0.002641,0.002641,0.002641
225,50074.7,0.51632,0.49363,0.18462,0.92654,0.876,0.93829,0.67323,0.33272,0.38814,0.15734,0.002608,0.002608,0.002608
226,50277.7,0.52944,0.48254,0.1782,0.92525,0.87472,0.93706,0.6778,0.32687,0.38996,0.15684,0.002575,0.002575,0.002575
227,50481,0.53787,0.49992,0.19097,0.93012,0.8742,0.93881,0.68691,0.32049,0.38885,0.1545,0.002542,0.002542,0.002542
228,50695.4,0.44834,0.47782,0.16306,0.94212,0.87298,0.93956,0.6879,0.31923,0.38376,0.15511,0.002509,0.002509,0.002509
229,50909.7,0.45132,0.4639,0.15899,0.93034,0.88038,0.94202,0.69114,0.31748,0.38371,0.15438,0.002476,0.002476,0.002476
230,51098.4,0.50766,0.47397,0.17149,0.93422,0.87872,0.94162,0.68896,0.32274,0.38073,0.15585,0.002443,0.002443,0.002443
231,51304.6,0.50785,0.48565,0.17953,0.92827,0.88469,0.94278,0.69051,0.31954,0.37671,0.15532,0.00241,0.00241,0.00241
232,51484,0.43108,0.46986,0.15951,0.92905,0.88359,0.94241,0.68979,0.31967,0.37989,0.15317,0.002377,0.002377,0.002377
233,51675.4,0.42078,0.46964,0.14951,0.93363,0.88419,0.94417,0.68903,0.31939,0.37915,0.15204,0.002344,0.002344,0.002344
234,51919.5,0.46242,0.47122,0.16512,0.93231,0.89218,0.94488,0.69029,0.3199,0.37555,0.15217,0.002311,0.002311,0.002311
235,52094.3,0.58685,0.48008,0.19062,0.92792,0.89989,0.94562,0.69531,0.3148,0.37631,0.15245,0.002278,0.002278,0.002278
236,52306.6,0.52018,0.47324,0.16599,0.92258,0.89887,0.94519,0.69587,0.31369,0.37556,0.15232,0.002245,0.002245,0.002245
237,52499.2,0.5751,0.47083,0.1787,0.92383,0.89882,0.94559,0.69387,0.3147,0.37721,0.15311,0.002212,0.002212,0.002212
238,52746.3,0.61763,0.47543,0.19112,0.91452,0.90705,0.94444,0.68945,0.32101,0.37905,0.15574,0.002179,0.002179,0.002179
239,52917.6,0.67457,0.49253,0.24003,0.91747,0.90562,0.9463,0.69041,0.3207,0.37814,0.15663,0.002146,0.002146,0.002146
240,53077.3,0.52617,0.49365,0.17755,0.92368,0.89674,0.9446,0.68819,0.31967,0.38024,0.1554,0.002113,0.002113,0.002113
241,53255.7,0.47348,0.46943,0.16371,0.9206,0.89366,0.94371,0.69019,0.31861,0.38194,0.15421,0.00208,0.00208,0.00208
242,53495,0.59877,0.47332,0.19131,0.93427,0.88211,0.94279,0.68397,0.32346,0.38235,0.15327,0.002047,0.002047,0.002047
243,53695.2,0.56967,0.48997,0.17856,0.93458,0.88648,0.94425,0.68825,0.31849,0.38357,0.15258,0.002014,0.002014,0.002014
244,53887.7,0.55201,0.47995,0.1791,0.92897,0.88898,0.94393,0.68524,0.32239,0.38131,0.15251,0.001981,0.001981,0.001981
245,54108.6,0.61612,0.47781,0.19568,0.92961,0.89155,0.94299,0.68333,0.32745,0.38106,0.15321,0.001948,0.001948,0.001948
246,54353.6,0.47391,0.47459,0.16524,0.92718,0.8909,0.94058,0.68177,0.32966,0.38159,0.15399,0.001915,0.001915,0.001915
247,54530.9,0.49698,0.47677,0.17524,0.92537,0.89655,0.9425,0.68425,0.32767,0.38168,0.15357,0.001882,0.001882,0.001882
248,54908.4,0.58758,0.48516,0.20066,0.92907,0.89593,0.94031,0.68112,0.33018,0.38029,0.15354,0.001849,0.001849,0.001849
249,55122,0.60862,0.47618,0.20031,0.92311,0.89572,0.93815,0.67721,0.33237,0.38064,0.15304,0.001816,0.001816,0.001816
250,55325.1,0.75602,0.48346,0.26676,0.91974,0.89127,0.93317,0.6654,0.34526,0.37941,0.15328,0.001783,0.001783,0.001783
251,55523.3,0.52343,0.47976,0.17275,0.92437,0.88821,0.9326,0.66829,0.3419,0.37925,0.15306,0.00175,0.00175,0.00175
252,55736.6,0.58152,0.48205,0.1888,0.92691,0.88772,0.93245,0.66597,0.34515,0.37657,0.15367,0.001717,0.001717,0.001717
253,55922.3,0.65068,0.49294,0.20406,0.91492,0.88107,0.92543,0.65343,0.3557,0.37586,0.15469,0.001684,0.001684,0.001684
254,56124.4,0.68541,0.47374,0.21063,0.92251,0.88649,0.92795,0.65882,0.34936,0.37659,0.15457,0.001651,0.001651,0.001651
255,56341,0.68646,0.47258,0.20701,0.92071,0.89043,0.9336,0.66674,0.34169,0.37838,0.15376,0.001618,0.001618,0.001618
256,56561.5,0.57212,0.46102,0.17089,0.92624,0.89234,0.93731,0.66937,0.33755,0.37906,0.15249,0.001585,0.001585,0.001585
257,56741.4,0.79485,0.4609,0.23995,0.92989,0.89179,0.93778,0.66715,0.33986,0.38048,0.15369,0.001552,0.001552,0.001552
258,57041.6,0.67086,0.46458,0.19978,0.92945,0.89098,0.93637,0.66352,0.34343,0.38114,0.15472,0.001519,0.001519,0.001519
259,57227.9,0.44673,0.46885,0.15432,0.9282,0.88694,0.93658,0.66345,0.3433,0.38128,0.15488,0.001486,0.001486,0.001486
260,57406.5,0.39163,0.4573,0.14514,0.9262,0.88811,0.93817,0.66165,0.34559,0.38133,0.15577,0.001453,0.001453,0.001453
261,57596.3,0.38848,0.44899,0.13908,0.92769,0.88628,0.93848,0.65919,0.34831,0.38265,0.15591,0.00142,0.00142,0.00142
262,57771.1,0.36965,0.44579,0.14209,0.92267,0.88486,0.93572,0.65751,0.34975,0.38254,0.15542,0.001387,0.001387,0.001387
263,57968.5,0.38562,0.44823,0.13958,0.92109,0.88958,0.93788,0.65591,0.3504,0.38383,0.15523,0.001354,0.001354,0.001354
264,58148.6,0.36842,0.44469,0.14217,0.93143,0.88574,0.9422,0.65759,0.35091,0.3815,0.15492,0.001321,0.001321,0.001321
265,58354.5,0.36892,0.44003,0.13703,0.92433,0.8957,0.94364,0.65983,0.34958,0.38081,0.15382,0.001288,0.001288,0.001288
266,58610.5,0.36494,0.43894,0.1358,0.92769,0.89106,0.94334,0.66141,0.34787,0.38128,0.15339,0.001255,0.001255,0.001255
267,58779,0.36485,0.44082,0.13816,0.93071,0.89608,0.9451,0.66397,0.34528,0.37871,0.15266,0.001222,0.001222,0.001222
268,59039.7,0.35684,0.43326,0.13754,0.93629,0.89222,0.94476,0.66772,0.34123,0.37891,0.1508,0.001189,0.001189,0.001189
269,59233.5,0.36735,0.43275,0.13679,0.9352,0.89246,0.94457,0.66985,0.33965,0.37761,0.15002,0.001156,0.001156,0.001156
270,59489.2,0.35988,0.43532,0.13624,0.93879,0.89538,0.94577,0.67318,0.33645,0.3766,0.14897,0.001123,0.001123,0.001123
271,59667.2,0.35959,0.43567,0.13702,0.94308,0.89323,0.94578,0.67568,0.33413,0.37687,0.14826,0.00109,0.00109,0.00109
272,59893.8,0.35265,0.43052,0.13299,0.94459,0.89286,0.9468,0.678,0.33106,0.37585,0.1473,0.001057,0.001057,0.001057
273,60121.7,0.35157,0.43247,0.13352,0.94533,0.89486,0.94851,0.68166,0.32796,0.37581,0.14571,0.001024,0.001024,0.001024
274,60304.2,0.35259,0.42791,0.13449,0.94437,0.89323,0.94828,0.6838,0.32654,0.37461,0.14549,0.000991,0.000991,0.000991
275,60485.5,0.35388,0.43223,0.13014,0.94491,0.8932,0.94804,0.68738,0.32404,0.37304,0.14504,0.000958,0.000958,0.000958
276,60693.1,0.35453,0.42421,0.12776,0.94304,0.89425,0.94843,0.68896,0.32164,0.372,0.14473,0.000925,0.000925,0.000925
277,60892.4,0.34846,0.42856,0.13146,0.94744,0.89421,0.94889,0.692,0.31918,0.37075,0.14515,0.000892,0.000892,0.000892
278,61099.8,0.34088,0.42132,0.12723,0.94698,0.89651,0.95016,0.69526,0.31711,0.37079,0.14494,0.000859,0.000859,0.000859
279,61314.8,0.35514,0.42763,0.13375,0.95075,0.89661,0.95172,0.69667,0.31505,0.36965,0.14413,0.000826,0.000826,0.000826
280,61532.4,0.35104,0.42265,0.12828,0.94838,0.8993,0.95087,0.69878,0.31243,0.36682,0.14334,0.000793,0.000793,0.000793
281,61746.4,0.33929,0.42043,0.12839,0.95196,0.89945,0.9517,0.70186,0.30965,0.36737,0.14225,0.00076,0.00076,0.00076
282,62005.6,0.33755,0.42401,0.12931,0.9514,0.90141,0.95301,0.70369,0.30669,0.36849,0.14055,0.000727,0.000727,0.000727
283,62211.2,0.34449,0.42139,0.1306,0.9467,0.90412,0.95305,0.70719,0.30468,0.36714,0.14026,0.000694,0.000694,0.000694
284,62419.6,0.34468,0.42576,0.12916,0.94498,0.90275,0.95291,0.70925,0.30289,0.36557,0.13978,0.000661,0.000661,0.000661
285,62611.2,0.33974,0.42261,0.12636,0.94974,0.90319,0.95425,0.71134,0.3009,0.36407,0.13926,0.000628,0.000628,0.000628
286,62820.6,0.33873,0.41718,0.12719,0.95062,0.90597,0.95539,0.71182,0.29895,0.36321,0.1385,0.000595,0.000595,0.000595
287,63018,0.33749,0.41994,0.12833,0.95081,0.90614,0.9558,0.7144,0.29723,0.36287,0.13816,0.000562,0.000562,0.000562
288,63243.6,0.33656,0.42056,0.12884,0.94754,0.9064,0.95595,0.71677,0.29542,0.36297,0.13772,0.000529,0.000529,0.000529
289,63448.4,0.33295,0.42568,0.12767,0.94836,0.90908,0.95584,0.71931,0.29352,0.36172,0.13811,0.000496,0.000496,0.000496
290,63666.4,0.33631,0.41243,0.12629,0.94764,0.90876,0.95574,0.72098,0.2918,0.36028,0.13708,0.000463,0.000463,0.000463
291,63904.7,0.29614,0.35806,0.10884,0.94415,0.91134,0.9559,0.72298,0.28963,0.3603,0.13641,0.00043,0.00043,0.00043
292,64091.5,0.28752,0.35556,0.10705,0.94853,0.90661,0.95577,0.72465,0.28825,0.36059,0.13567,0.000397,0.000397,0.000397
293,64278.8,0.28329,0.34999,0.1024,0.95346,0.90295,0.95594,0.72637,0.28703,0.35854,0.13556,0.000364,0.000364,0.000364
294,64467.9,0.28667,0.34939,0.10444,0.94847,0.90814,0.95605,0.72881,0.2851,0.35834,0.13509,0.000331,0.000331,0.000331
295,64670.9,0.27189,0.34694,0.09954,0.94681,0.9116,0.95715,0.73037,0.28354,0.35715,0.13454,0.000298,0.000298,0.000298
296,64908.6,0.28081,0.34569,0.10204,0.94891,0.91094,0.95734,0.73128,0.28194,0.35604,0.13407,0.000265,0.000265,0.000265
297,65106.8,0.27441,0.34197,0.0965,0.95032,0.90882,0.95758,0.7326,0.28043,0.35707,0.13349,0.000232,0.000232,0.000232
298,65280.4,0.27559,0.34157,0.0983,0.95209,0.9079,0.95738,0.73388,0.2793,0.35467,0.13306,0.000199,0.000199,0.000199
299,65460.2,0.27646,0.33976,0.09798,0.95177,0.90936,0.95735,0.73531,0.27727,0.35426,0.13235,0.000166,0.000166,0.000166
300,65621.2,0.27093,0.34253,0.09875,0.95042,0.91285,0.95858,0.73716,0.2764,0.35397,0.1322,0.000133,0.000133,0.000133
